TAG,Shape_Leng,Shape_Area
DS65B,12710.75430760000,4890059.99839000030
DS65D,6331.88511241000,533029.41697899997
DS66D,5928.87051508000,1615584.70933000000
DS72A,3702.73769184000,844456.27279099997
DS72B,12692.88215460000,3603525.20112999990
DS73A,17007.50952090000,13135267.50149999900
DS73B,20007.13663140000,25017844.76540000000
DS73C,16400.19814770000,10256582.91860000000
DS73D,20152.43653510000,25002697.76689999900
DS74A,18205.39694360000,12543428.04190000000
DS74B,20007.37391320000,25018437.88140000000
DS74C,17344.79194980000,10982990.59100000000
DS74D,20007.24902610000,25018125.94570000100
DS75A,20007.59822380000,25018999.16959999900
DS75B,20007.66059830000,25019155.07099999900
DS75C,20110.31477350000,24737316.44289999800
DS75D,20007.51100950000,25018780.94599999900
DS76B,10982.28946020000,4024898.12408000000
DS76C,18262.93638710000,13932968.84760000000
DS76D,19701.75661550000,24865348.58619999900
DS81B,14812.67945250000,6387671.67325999960
DS82A,19605.69534890000,21245459.66110000000
DS82B,20007.03597260000,25017593.01799999900
DS82C,14830.43803590000,5592587.65271999970
DS82D,19946.90783530000,25005467.87759999900
DS83A,20007.18629430000,25017968.86879999900
DS83B,20007.22385790000,25018062.70620000000
DS83C,20007.08627700000,25017719.13840000000
DS83D,20007.12371440000,25017812.05579999800
DS84A,20007.42363190000,25018562.42770000200
DS84B,20007.46105160000,25018656.10460000100
DS84C,20007.29861500000,25018250.16690000100
DS84D,20007.33610120000,25018343.52039999900
DS85A,20007.71047810000,25019280.00900000000
DS85B,20007.74795010000,25019373.63259999800
DS85C,20007.56075600000,25018905.75910000100
DS85D,20007.59840000000,25018999.31030000000
DS86A,17882.09076990000,16830816.92399999900
DS86B,19860.87325510000,24985076.53290000200
DS86C,20007.87269990000,25019685.31800000000
DS86D,20007.91010540000,25019779.26850000000
DS87D,13574.46332850000,7410328.43291999960
DS91A,17962.14369110000,16347762.94090000000
DS91B,6619.93237328000,419854.92483700003
DS92A,20007.06077680000,25017654.95800000100
DS92B,20007.07327800000,25017686.32950000100
DS92C,20006.98551020000,25017467.02149999900
DS92D,20076.86199340000,14759945.12219999900
DS93A,20007.24852240000,25018124.68070000000
DS93B,20007.26117850000,25018156.14339999900
DS93C,20007.14844880000,25017874.41589999900
DS93D,20007.16107660000,25017905.89830000000
DS94A,20007.48587070000,25018718.27550000000
DS94B,20007.49858720000,25018749.77670000100
DS94C,20007.36109210000,25018406.02039999900
DS94D,20007.37368200000,25018437.60150000100
DS95A,20007.77302540000,25019436.43970000000
DS95B,20007.78560220000,25019467.79199999900
DS95C,20007.62324720000,25019061.65019999800
DS95D,20007.63579200000,25019093.22419999900
DS96A,20008.10988820000,25020278.83300000100
DS96B,20008.12242350000,25020310.18010000100
DS96C,20007.93510690000,25019841.60269999900
DS96D,20007.94781020000,25019873.17150000100
DS97A,7031.86341932000,2060355.24397000000
DS97B,17452.88989810000,15924091.63419999900
DS97C,18768.80634580000,22534489.01020000100
DS97D,20008.30943460000,25020777.91120000200
ER19B,3982.97477901000,309732.10451899999
ER29A,19347.82652240000,19441518.65670000000
ER29B,20006.62263110000,25016559.31700000200
ER29C,1141.50228348000,44078.40619010000
ER29D,12624.14102300000,4292254.74339000040
ER39A,21030.82852110000,17604748.99410000100
ER39B,21831.95288330000,21288114.56360000000
ER39C,1627.24983466000,110178.85293800000
ER39D,13721.22313820000,5860756.33237999960
ER47B,16586.76975340000,11440505.50709999900
ER47D,7135.85567857000,1057625.58360000000
ER48B,17020.58659050000,13595788.70640000000
ER48D,16669.26700330000,11981614.04060000000
ER49A,20006.36478820000,25015914.90790000200
ER49B,20006.25440090000,25015638.44350000100
ER49C,17369.45189620000,7821758.66564999990
ER49D,19846.10840070000,24175645.76660000200
ER57A,21921.60382960000,17394891.41750000000
ER57B,16415.04557480000,9677809.60631000060
ER57C,12603.98235070000,3255178.95491999990
ER58A,20006.14226410000,25015358.11829999800
ER58B,20006.00741680000,25015020.89020000000
ER58C,20006.16599750000,25015417.67359999900
ER58D,20006.03152190000,25015080.88400000000
ER59A,20006.13151030000,25015331.22170000200
ER59B,20005.99650880000,25014993.42489999900
ER59C,20006.13093320000,25015329.48220000000
ER59D,20005.99591060000,25014991.82150000000
ER67A,20635.97682280000,17061877.63620000000
ER67B,19917.98432000000,15131951.11410000000
ER68A,20005.86036420000,25014652.95149999900
ER68B,20005.70090270000,25014254.38800000000
ER68C,20005.88454300000,25014713.42359999900
ER68D,20005.72506070000,25014314.90040000200
ER69A,20005.84901130000,25014624.76269999900
ER69B,20005.68940660000,25014225.53220000100
ER69C,20005.84868260000,25014623.74089999900
ER69D,20005.68904950000,25014224.75389999900
ER76B,148.13290926300,788.14641625200
ER77A,20404.53117050000,10784003.21790000100
ER77B,19414.43358090000,23904443.61930000000
ER77D,13199.53430830000,5104295.92996000030
ER78A,20005.52943950000,25013825.31340000000
ER78B,20005.34557110000,25013365.41560000200
ER78C,20005.55387130000,25013886.21339999900
ER78D,20005.36997850000,25013426.64669999900
ER79A,20005.51738930000,25013795.58320000000
ER79B,20005.33317770000,25013334.62009999900
ER79C,20005.51721470000,25013795.13360000000
ER79D,20005.33317090000,25013334.70490000000
ER83A,16529.27565310000,8201192.29342999960
ER83B,19820.12362760000,24109624.62379999800
ER83D,7904.22188627000,1167311.48075000010
ER84B,20430.10294930000,13833251.96749999900
ER84C,16184.93075960000,13644869.96990000100
ER84D,20038.66469660000,24924579.73510000100
ER85A,17947.54029690000,15108925.04089999900
ER85B,20005.27388050000,25013186.24130000200
ER85C,11186.33669580000,4417291.69129000050
ER85D,21159.39936720000,21184164.86389999800
ER86A,16726.69666830000,4914514.33198999990
ER86B,22931.15724070000,19208161.52470000100
ER86C,16536.05359300000,9813021.42837000080
ER86D,20005.18768400000,25012970.99549999800
ER87A,20005.21096900000,25013028.92139999900
ER87B,20005.00273980000,25012508.81560000000
ER87C,22816.66365400000,23038290.96689999800
ER87D,20005.05221540000,25012632.43389999900
ER88A,20005.14929750000,25012875.00099999800
ER88B,20004.94081860000,25012353.67220000200
ER88C,20005.17398230000,25012936.52710000100
ER88D,20004.96577720000,25012415.98240000000
ER89A,20005.13655720000,25012843.23660000000
ER89B,20004.92772780000,25012321.04070000000
ER89C,20005.13692180000,25012843.65749999900
ER89D,20004.92807120000,25012321.99219999800
ER93A,20604.97623420000,22210376.92060000100
ER93B,19824.52860590000,24629467.35760000000
ER93D,9685.55020452000,2884568.21675000010
ER94A,20005.26332690000,25013160.04500000200
ER94B,20005.03205110000,25012581.70490000000
ER94C,20005.38622580000,25013467.57950000100
ER94D,20005.15512430000,25012889.57719999900
ER95A,20005.05425450000,25012637.12900000100
ER95B,20004.82272170000,25012058.15239999800
ER95C,20005.15283580000,25012883.95270000000
ER95D,20004.92137870000,25012304.96049999800
ER96A,20004.89401330000,25012236.52840000000
ER96B,20004.66192290000,25011655.97120000000
ER96C,20004.96807720000,25012421.73750000100
ER96D,20004.73616740000,25011841.71849999900
ER97A,20004.78250540000,25011957.79300000100
ER97B,20004.54986580000,25011376.36030000100
ER97C,20004.83225910000,25012081.80160000200
ER97D,20004.59989030000,25011501.15190000100
ER98A,20004.72013440000,25011801.72659999900
ER98B,20004.48714310000,25011219.31610000100
ER98C,20004.74516690000,25011864.42080000000
ER98D,20004.51255130000,25011282.54910000000
ER99A,20004.70659480000,25011767.87530000100
ER99B,20004.47325660000,25011184.69399999800
ER99C,20004.70731340000,25011769.46290000200
ER99D,20004.47424480000,25011186.46869999900
ES02A,20222.27356520000,24507547.69040000100
ES02B,20599.08573520000,21149486.08610000100
ES02C,9018.54801862000,2124243.47462000000
ES02D,3454.81594119000,418476.25101299997
ES03A,20007.26133550000,25018156.53770000100
ES03B,20007.24909500000,25018126.01830000100
ES03C,20007.16100870000,25017906.12869999900
ES03D,20007.14903780000,25017875.58879999800
ES04A,20007.49860110000,25018750.21900000100
ES04B,20007.48641430000,25018719.44049999900
ES04C,20007.37376930000,25018437.72160000000
ES04D,20007.36155390000,25018407.27180000000
ES05A,20007.78567310000,25019468.07310000100
ES05B,20007.77344550000,25019437.29030000000
ES05C,20007.63593260000,25019093.48130000000
ES05D,20007.62388000000,25019063.32900000000
ES06A,20008.12255500000,25020310.41290000100
ES06B,20008.11008670000,25020279.62960000000
ES06C,20007.94781140000,25019873.68030000100
ES06D,20007.93551440000,25019842.82180000100
ES07A,19907.77118590000,25005330.08819999900
ES07B,20008.49683610000,25021246.70439999900
ES07C,20008.30959840000,25020778.30790000000
ES07D,20008.29726060000,25020747.45430000100
ES08B,5267.26323633000,964930.30614100001
ES08C,14101.01646850000,7959420.28607000040
ES08D,19077.77248260000,22896172.15599999900
ES10B,15083.91125520000,7244890.88979000040
ES10D,11749.88868460000,1279540.30963000000
ES11A,7554.57680936000,1896917.45156000000
ES11B,21237.49798100000,16401452.84840000000
ES11D,16889.61010670000,12058507.83620000100
ES12A,19942.40471360000,23897233.51780000000
ES12B,20006.99987770000,25017502.35460000100
ES12C,16424.16581890000,12085183.50570000000
ES12D,20006.92447170000,25017313.97050000000
ES13A,20007.22445000000,25018064.38690000000
ES13B,20007.18740020000,25017971.63280000200
ES13C,20007.12426220000,25017813.92949999900
ES13D,20007.08738720000,25017721.51100000000
ES14A,20007.46152870000,25018657.79589999800
ES14B,20007.42453680000,25018564.88710000000
ES14C,20007.33683940000,25018345.36100000100
ES14D,20007.29972040000,25018252.82770000000
ES15A,20007.74861750000,25019375.39830000000
ES15B,20007.71158550000,25019282.48050000100
ES15C,20007.59892140000,25019001.01430000000
ES15D,20007.56186030000,25018908.12640000100
ES16A,20008.08551660000,25020217.78110000100
ES16B,20008.04834650000,25020124.62020000100
ES16C,20007.91091900000,25019781.00149999900
ES16D,20007.87361430000,25019687.91400000100
ES17A,20008.47202950000,25021184.25589999900
ES17B,20008.43461980000,25021091.19220000100
ES17C,20008.27252310000,25020685.68140000100
ES17D,20008.23518230000,25020592.19619999800
ES18A,18783.92100150000,17633834.66490000100
ES18B,20569.99552910000,19455320.51740000000
ES18C,20008.68413740000,25021714.85689999900
ES18D,20008.64666250000,25021621.62359999900
ES19C,4593.50632245000,320097.27766199998
ES19D,133.74830672600,326.26614742300
ES20A,20006.72344740000,25016811.64570000000
ES20B,20006.66212750000,25016657.88899999900
ES20C,20245.88370320000,24980345.49630000100
ES20D,20006.63617650000,25016593.49379999900
ES21A,20006.81230100000,25017033.65480000200
ES21B,20006.75053680000,25016879.49020000200
ES21C,20006.76167340000,25016907.03900000100
ES21D,20006.70018220000,25016753.25939999900
ES22A,20006.95027080000,25017378.69980000000
ES22B,20006.88886260000,25017224.72050000000
ES22C,20006.87503600000,25017190.74769999800
ES22D,20006.81359880000,25017036.69480000100
ES23A,20007.13805120000,25017848.11239999900
ES23B,20007.07610120000,25017693.48070000100
ES23C,20007.03791100000,25017598.07339999800
ES23D,20006.97623010000,25017443.61690000100
ES24A,20007.37504600000,25018441.21990000100
ES24B,20007.31315450000,25018286.32690000200
ES24C,20007.25029860000,25018129.13390000200
ES24D,20007.18847600000,25017974.41589999900
ES25A,20007.66195680000,25019158.45750000000
ES25B,20007.59982230000,25019003.46570000100
ES25C,20007.51239870000,25018784.22569999800
ES25D,20007.45023100000,25018629.15410000100
ES26A,20007.99847840000,25020000.08520000100
ES26B,20007.93630110000,25019844.78929999800
ES26C,20007.82391310000,25019563.70670000100
ES26D,20007.76190990000,25019408.24190000100
ES27A,20008.38490870000,25020966.66770000000
ES27B,19486.17875640000,21359128.51619999900
ES27C,20008.18544170000,25020467.69009999900
ES27D,20008.12309780000,25020312.17240000100
ES28A,19532.14159300000,24556358.63060000200
ES28B,12016.80938490000,5921211.71473000010
ES28C,20019.62678940000,25021230.11300000200
ES28D,14745.02893760000,5294651.43269999980
ES29C,8170.11737618000,1798638.18650999990
ES29D,3935.94579021000,808271.49788899999
ES30A,20006.58840240000,25016473.52250000100
ES30B,20006.50217750000,25016258.08260000100
ES30C,20006.56252450000,25016409.00849999900
ES30D,20006.47647470000,25016193.60630000000
ES31A,20006.67676750000,25016694.60489999900
ES31B,20006.59049490000,25016478.95380000000
ES31C,20006.62638400000,25016568.70430000100
ES31D,20006.53998430000,25016353.03779999900
ES32A,20006.81464580000,25017039.72439999900
ES32B,20006.72813330000,25016823.36439999900
ES32C,20006.73955660000,25016851.53220000100
ES32D,20006.65321490000,25016636.00209999800
ES33A,20007.00204830000,25017507.97769999900
ES33B,20006.91538710000,25017291.45850000200
ES33C,20006.90204610000,25017258.09270000100
ES33D,20006.81555920000,25017041.70120000100
ES34A,20007.23876040000,25018100.36860000000
ES34B,20007.15215820000,25017883.49439999800
ES34C,20007.11404880000,25017788.38699999800
ES34D,20007.02742070000,25017571.94029999900
ES35A,20007.52548370000,25018817.25059999900
ES35B,20007.43844660000,25018599.47270000000
ES35C,20007.37587020000,25018442.87559999900
ES35D,20007.28910140000,25018225.77400000000
ES36A,20007.86162940000,25019657.93820000100
ES36B,20007.77455040000,25019440.35370000100
ES36C,20007.68740460000,25019222.00319999800
ES36D,20007.60039740000,25019004.20389999800
ES37A,14486.57121580000,9798478.51539999990
ES37B,20404.63554950000,20557323.06349999800
ES37C,20008.04855410000,25020125.33590000100
ES37D,20007.96141080000,25019907.28469999900
ES38D,13693.88575960000,8440917.97275000070
ES40A,20006.40384560000,25016012.17720000100
ES40B,20006.29301410000,25015734.70840000000
ES40C,20006.37811400000,25015947.92940000100
ES40D,20006.26755170000,25015671.63639999900
ES41A,20006.49192280000,25016232.34099999800
ES41B,20006.38104360000,25015955.15019999800
ES41C,20006.44168130000,25016106.69669999900
ES41D,20006.33087490000,25015829.69229999900
ES42A,20006.62941580000,25016576.18450000100
ES42B,20006.51819530000,25016298.13809999800
ES42C,20006.55446450000,25016388.84829999900
ES42D,20006.44351650000,25016111.38419999900
ES43A,20006.81642670000,25017043.77250000100
ES43B,20006.70506150000,25016765.36740000200
ES43C,20006.71687110000,25016794.79190000100
ES43D,20006.60547270000,25016516.61239999900
ES44A,20007.05305710000,25017635.65190000100
ES44B,20006.94144980000,25017356.53970000100
ES44C,20006.92848990000,25017324.01940000100
ES44D,20006.81695460000,25017045.39079999900
ES45A,20007.33900170000,25018351.07800000200
ES45B,20007.22726200000,25018071.41770000000
ES45C,20007.18972840000,25017977.64799999800
ES45D,20007.07795480000,25017698.21999999900
ES46A,20007.67496960000,25019191.21099999900
ES46B,20007.56299250000,25018911.25059999900
ES46C,20007.50068460000,25018755.53150000100
ES46D,20007.38897520000,25018475.74839999900
ES47A,20008.06085520000,25020156.00450000200
ES47B,20007.94853940000,25019875.09730000000
ES47C,20007.86166410000,25019658.01929999900
ES47D,20007.74951390000,25019377.53449999900
ES48C,17945.63599910000,14374840.41369999900
ES48D,13435.84359060000,6879147.18199000040
ES50A,20006.17007540000,25015427.55849999900
ES50B,20006.03473140000,25015089.10100000000
ES50C,20006.14458790000,25015363.92770000200
ES50D,20006.00951700000,25015025.95140000100
ES51A,20006.25765760000,25015646.79320000100
ES51B,20006.12197190000,25015307.57040000000
ES51C,20006.20776150000,25015521.81789999800
ES51D,20006.07224670000,25015182.72670000000
ES52A,20006.39476980000,25015989.47470000000
ES52B,20006.25893190000,25015649.68180000000
ES52C,20006.32005780000,25015802.44469999900
ES52D,20006.18429970000,25015463.24509999900
ES53A,20006.58119350000,25016455.79270000000
ES53B,20006.44522260000,25016115.55290000100
ES53C,20006.48187670000,25016207.21959999900
ES53D,20006.34587600000,25015867.20870000100
ES54A,20006.81724550000,25017046.11470000100
ES54B,20006.68093120000,25016704.91759999800
ES54C,20006.69301830000,25016735.64009999900
ES54D,20006.55677560000,25016394.92419999800
ES55A,20007.10321270000,25017760.89060000000
ES55B,20006.96646480000,25017419.09160000100
ES55C,20006.95397700000,25017388.06100000100
ES55D,20006.81749670000,25017046.54479999800
ES56A,20007.43850620000,25018599.92570000100
ES56B,20007.30151820000,25018256.92929999900
ES56C,20007.26455640000,25018164.59120000200
ES56D,20007.12753750000,25017822.52079999800
ES57A,19870.23320100000,23273617.99850000100
ES57B,8128.13730474000,602595.02037299995
ES57C,20007.62506220000,25019066.18739999800
ES57D,20867.05467230000,18734507.99650000000
ES58C,6117.56343031000,729837.06887800002
ES60A,20005.88698230000,25014719.62180000200
ES60B,20005.72712980000,25014319.57800000200
ES60C,20005.86174270000,25014656.80790000000
ES60D,20005.70206490000,25014257.29610000200
ES61A,20005.97417920000,25014937.68239999900
ES61B,20005.81388330000,25014536.72080000100
ES61C,20005.92453030000,25014813.21940000000
ES61D,20005.76430690000,25014412.83289999900
ES62A,20006.11070020000,25015278.88789999900
ES62B,20005.95016170000,25014877.51500000100
ES62C,20006.03624200000,25015093.07119999800
ES62D,20005.87587010000,25014691.62929999800
ES63A,20006.29664700000,25015744.09380000100
ES63B,20006.13566310000,25015341.51230000000
ES63C,20006.19737230000,25015496.12929999800
ES63D,20006.03666000000,25015094.13120000100
ES64A,20006.53211430000,25016332.85610000000
ES64B,20006.37089670000,25015929.77470000100
ES64C,20006.40812840000,25016022.88560000100
ES64D,20006.24727650000,25015620.23409999900
ES65A,20006.81740740000,25017046.13250000000
ES65B,20006.65565150000,25016642.19920000100
ES65C,20006.66860850000,25016674.20059999800
ES65D,20006.50711980000,25016270.54589999800
ES66A,20007.15222830000,25017883.67159999900
ES66B,20006.99023300000,25017478.74020000200
ES66C,20006.97851460000,25017449.23030000200
ES66D,20006.81679350000,25017044.98250000200
ES67A,38.83406704450,40.21426907570
ES67B,8801.55691205000,2555941.96867999990
ES67C,24058.91558090000,18616629.37319999900
ES67D,20762.68908910000,23202495.36389999800
ES70A,20005.55467200000,25013888.51210000000
ES70B,20005.37011080000,25013427.38140000000
ES70C,20005.52988000000,25013826.61300000200
ES70D,20005.34549350000,25013365.61230000100
ES71A,20005.64118230000,25014105.24460000200
ES71B,20005.45617420000,25013642.59629999800
ES71C,20005.59187460000,25013981.44080000000
ES71D,20005.40703710000,25013519.42749999800
ES72A,20005.77721450000,25014445.02959999800
ES72B,20005.59186610000,25013981.32490000100
ES72C,20005.70289680000,25014259.47100000100
ES72D,20005.51791840000,25013796.60090000200
ES73A,20005.96238350000,25014908.27699999900
ES73B,20005.77688820000,25014443.91169999900
ES73C,20005.86364460000,25014661.05669999900
ES73D,20005.67802450000,25014197.48000000000
ES74A,20006.19717280000,25015495.43220000000
ES74B,20006.01124440000,25015030.46570000100
ES74C,20006.07372190000,25015186.61039999900
ES74D,20005.88786090000,25014721.82070000100
ES75A,20006.48168770000,25016206.94880000100
ES75B,20006.29532360000,25015740.78400000200
ES75C,20006.33332860000,25015836.02670000100
ES75D,20006.14713320000,25015369.98719999900
ES76A,20006.81603770000,25017042.79780000100
ES76B,20006.62923500000,25016575.83790000200
ES76C,20006.64266480000,25016609.51049999900
ES76D,20006.45622660000,25016142.77349999900
ES77A,16932.57166480000,12502752.03690000100
ES77B,19069.19616570000,23234929.43760000200
ES77C,20007.00172300000,25017507.46970000100
ES77D,20006.81495600000,25017039.98900000000
ES78D,8377.69603896000,2915701.97782000010
ES80A,20005.17324260000,25012934.68279999900
ES80B,20004.96387100000,25012411.61750000000
ES80C,20005.14889440000,25012873.59840000000
ES80D,20004.93979550000,25012351.01210000000
ES81A,20005.25906290000,25013149.18580000100
ES81B,20005.04934650000,25012624.95970000000
ES81C,20005.20990000000,25013026.55020000000
ES81D,20005.00045590000,25012502.59690000100
ES82A,20005.39411640000,25013487.10020000100
ES82B,20005.18405250000,25012961.92000000200
ES82C,20005.32033870000,25013302.71040000000
ES82D,20005.11054660000,25012778.09699999900
ES83A,20005.57869740000,25013948.88490000000
ES83B,20005.36819630000,25013422.28819999800
ES83C,20005.48020320000,25013702.48140000200
ES83D,20005.26976970000,25013176.65989999800
ES84A,20005.81290790000,25014534.28900000100
ES84B,20005.60187260000,25014006.93719999900
ES84C,20005.68959900000,25014225.91690000100
ES84D,20005.47892880000,25013699.09800000100
ES85A,20006.09645350000,25015243.86230000100
ES85B,20005.88528120000,25014715.16400000100
ES85C,20005.94852610000,25014873.23229999800
ES85D,20005.73751840000,25014345.65709999900
ES86A,20006.43002860000,25016077.76489999900
ES86B,20006.21832420000,25015548.02149999900
ES86C,20006.25718830000,25015645.21770000100
ES86D,20006.04554610000,25015116.44579999900
ES87A,20006.81313890000,25017036.05220000100
ES87B,20006.60129960000,25016505.77259999900
ES87C,20006.61548010000,25016541.33910000000
ES87D,20006.40360430000,25016011.67740000000
ES88A,8874.29791162000,3276298.16961999980
ES88B,19612.05342970000,23483982.83150000100
ES88C,18418.33514200000,20399693.33960000100
ES88D,20006.81140260000,25017031.49870000000
ES89C,2192.81413900000,145910.30635400000
ES89D,14020.56931830000,11067874.72340000000
ES90A,20004.74239230000,25011857.38439999900
ES90B,20004.50861010000,25011272.58659999800
ES90C,20004.71858960000,25011797.56360000000
ES90D,20004.48487650000,25011213.34840000000
ES91A,20004.82751940000,25012070.06230000000
ES91B,20004.59319270000,25011484.00389999900
ES91C,20004.77870100000,25011948.48330000000
ES91D,20004.54464640000,25011363.00690000100
ES92A,20004.96188910000,25012405.96150000000
ES92B,20004.72691710000,25011818.78929999800
ES92C,20004.88845120000,25012222.62150000000
ES92D,20004.65385270000,25011636.18160000100
ES93A,20005.14538860000,25012865.32999999800
ES93B,20004.91027800000,25012277.10379999900
ES93C,20005.04743310000,25012619.97670000000
ES93D,20004.81249530000,25012032.58210000000
ES94A,20005.37872720000,25013448.82420000100
ES94B,20005.14297730000,25012859.29650000100
ES94C,20005.25595210000,25013141.50860000000
ES94D,20005.02067260000,25012552.75690000100
ES95A,20005.66160300000,25014156.19960000000
ES95B,20005.42551320000,25013565.51890000000
ES95C,20005.51390650000,25013786.66820000100
ES95D,20005.27818830000,25013196.91570000000
ES96A,20005.99420490000,25014987.76529999800
ES96B,20005.75758750000,25014396.04060000200
ES96C,20005.82159810000,25014556.21530000100
ES96D,20005.58534430000,25013965.31250000000
ES97A,20006.37655160000,25015944.11840000000
ES97B,20006.13960030000,25015351.35850000000
ES97C,20006.17932520000,25015450.39750000100
ES97D,20005.94244260000,25014858.20780000100
ES98A,20006.80893380000,25017025.33020000200
ES98B,20006.57144990000,25016431.03099999900
ES98C,20006.58638970000,25016469.08360000000
ES98D,20006.34937380000,25015875.75400000100
ES99B,17357.81739800000,15758834.21280000000
ES99C,14841.03107910000,9066736.87034000080
ES99D,22781.20414040000,7548577.10489000010
ET90D,12215.45396510000,6608333.86483000030
FQ69B,9452.96238886000,3980801.55335999980
FQ78B,14051.33896620000,7427208.86182999980
FQ79A,14700.14306270000,6305135.79456999990
FQ79B,19558.84253950000,23918259.78139999900
FQ79D,18400.38436580000,15033398.26990000000
FQ88A,14982.95250810000,12430625.99819999900
FQ88B,14628.36880150000,6842884.58732999950
FQ89A,20001.06734880000,25002668.44660000100
FQ89B,20000.62140110000,25001553.32490000100
FQ89C,20001.31647950000,25003291.20890000100
FQ89D,19750.65655380000,24899254.56349999800
FQ99A,20000.16314570000,25000407.97120000000
FQ99B,19999.69298990000,24999232.57680000000
FQ99C,20917.47744380000,16342642.31920000000
FQ99D,19754.19019210000,17806318.85020000100
FR03A,20005.04738730000,25012619.86219999900
FR03B,19839.72233680000,24888795.58690000000
FR03C,13557.31193550000,8164431.57914999970
FR03D,12175.60274760000,5048445.65615999980
FR04A,20004.78876340000,25011973.34360000100
FR04B,20004.53327480000,25011334.27679999900
FR04C,20004.91181840000,25012281.25759999800
FR04D,20004.65660990000,25011642.98180000100
FR05A,20004.57887860000,25011448.31060000100
FR05B,20004.32273250000,25010807.99920000100
FR05C,20004.67751680000,25011695.35770000100
FR05D,20004.42165030000,25011055.54569999900
FR06A,20004.41762750000,25011045.19579999900
FR06B,20004.16113070000,25010403.90520000100
FR06C,20004.49195070000,25011231.53790000100
FR06D,20004.23582720000,25010590.58949999900
FR07A,20004.30511920000,25010764.25649999800
FR07B,20004.04826560000,25010121.69190000000
FR07C,20004.35532010000,25010889.48200000100
FR07D,20004.09874460000,25010247.30970000100
FR08A,20004.24194650000,25010605.89090000100
FR08B,20003.98444280000,25009962.09930000100
FR08C,20004.26753050000,25010669.86070000000
FR08D,20004.01019890000,25010026.40610000100
FR09A,20004.22771310000,25010570.09800000100
FR09B,20003.96985880000,25009925.33370000100
FR09C,20004.22867280000,25010572.70149999900
FR09D,20003.97079740000,25009928.38080000100
FR13A,17626.27247200000,14425508.30240000000
FR13B,12689.85754870000,5954495.90744999980
FR14A,20004.26538160000,25010664.48910000200
FR14B,20003.98528010000,25009964.59290000100
FR14C,20004.38909510000,25010973.64539999900
FR14D,20004.10937590000,25010274.69139999900
FR15A,20004.05447980000,25010137.12680000100
FR15B,20003.77402210000,25009435.84910000100
FR15C,20004.15377520000,25010385.61459999900
FR15D,20003.87369550000,25009684.98389999900
FR16A,20003.89232330000,25009731.75330000000
FR16B,20003.61131090000,25009029.39409999900
FR16C,20003.96729880000,25009919.13080000100
FR16D,20003.68656180000,25009217.25030000100
FR17A,20003.77900680000,25009448.60949999800
FR17B,20003.49764090000,25008744.86870000100
FR17C,20003.82956050000,25009574.91780000200
FR17D,20003.54827300000,25008871.76210000000
FR18A,20003.71463210000,25009287.44440000100
FR18B,20003.43261600000,25008582.48009999800
FR18C,20003.74066580000,25009352.53720000000
FR18D,20003.45912370000,25008648.15529999900
FR19A,20003.69940290000,25009249.45890000100
FR19B,20003.41683620000,25008542.82389999900
FR19C,20003.70101480000,25009253.18560000100
FR19D,20003.41872140000,25008547.53020000100
FR23A,3608.76521363000,580137.21755099995
FR23B,10305.67281750000,4605815.81298999950
FR24A,14866.52666060000,5011961.59179000000
FR24C,13042.47601760000,4841484.27895000020
FR25A,20003.48135970000,25008704.25660000000
FR25B,18065.92270180000,18650068.18479999900
FR25C,18716.82929590000,19956281.92700000100
FR25D,6837.52673595000,1242226.78698999990
FR26A,20003.31828970000,25008296.21249999900
FR26B,20003.01276540000,25007532.68079999800
FR26C,20003.39381980000,25008484.96750000100
FR26D,20003.08867290000,25007722.17289999900
FR27A,20003.20366990000,25008010.11809999900
FR27B,20002.89789000000,25007245.04809999800
FR27C,20003.25497310000,25008138.19669999900
FR27D,20002.94927170000,25007373.82110000000
FR28A,20003.13839100000,25007846.79870000100
FR28B,20002.83196440000,25007080.30680000000
FR28C,20003.16507460000,25007913.41270000100
FR28D,20002.85882030000,25007147.66149999900
FR29A,20003.12206420000,25007805.66970000000
FR29B,20002.81498510000,25007038.15969999900
FR29C,20003.12422640000,25007811.07220000000
FR29D,20002.81741690000,25007043.94009999900
FR31A,8867.65719479000,2978883.75288000000
FR31B,16499.70292960000,15412112.91840000100
FR32A,12841.10201570000,3228526.99486000000
FR32B,20709.57069960000,24620275.11670000100
FR32C,13718.27366300000,5452158.84066999980
FR32D,20003.49101710000,25008728.10269999900
FR33A,19903.55889110000,24764815.37009999900
FR33B,20003.00635710000,25007516.45760000100
FR33C,14312.78200090000,6167893.63384999990
FR33D,19768.74500750000,24548122.10130000100
FR34A,19805.42804820000,18612589.59070000100
FR34B,20002.74401380000,25006860.80860000100
FR34C,19314.69876610000,21582403.03889999900
FR34D,20002.86913090000,25007173.43990000000
FR35A,19271.74943030000,13624803.55309999900
FR35B,20815.35996590000,24672657.27149999900
FR35C,20054.57627040000,7667133.30233999990
FR35D,20002.63121290000,25006578.26500000100
FR36A,20002.69533050000,25006738.78029999900
FR36B,20002.36538880000,25005914.02530000000
FR36C,20002.77121550000,25006928.71880000100
FR36D,20002.44175320000,25006105.05200000100
FR37A,20002.57990130000,25006449.87090000100
FR37B,20002.24940920000,25005623.83549999800
FR37C,20002.63145970000,25006578.78200000200
FR37D,20002.30123890000,25005753.63199999900
FR38A,20002.51332520000,25006283.50780000200
FR38B,20002.18217890000,25005455.94300000000
FR38C,20002.54045520000,25006351.44500000000
FR38D,20002.20958680000,25005524.47010000100
FR39A,20002.49570060000,25006239.63529999900
FR39B,20002.16400360000,25005410.40160000000
FR39C,20002.49840210000,25006246.29720000200
FR39D,20002.16698210000,25005417.65230000000
FR41A,19356.79541180000,10443762.86870000000
FR41B,19201.22131430000,23693407.03319999900
FR41D,5797.64932990000,1263755.95789000000
FR42A,20002.97784120000,25007445.06080000100
FR42B,20002.62622920000,25006565.90410000100
FR42C,20003.15179370000,25007879.99949999900
FR42D,20002.80026110000,25007001.43919999900
FR43A,20002.66618460000,25006666.10750000200
FR43B,20002.31400780000,25005785.45219999900
FR43C,20002.81590730000,25007040.36190000200
FR43D,20002.46411080000,25006160.46200000100
FR44A,20002.40328210000,25006008.56619999900
FR44B,20002.05044040000,25005126.36910000100
FR44C,20002.52867680000,25006322.18970000000
FR44D,20002.17621820000,25005440.74329999800
FR45A,20002.18913390000,25005472.83610000100
FR45B,20001.83553440000,25004589.14660000100
FR45C,20002.29010230000,25005725.88360000000
FR45D,20001.93688520000,25004842.43829999900
FR46A,20002.02354380000,25005059.21170000000
FR46B,20001.66938460000,25004173.24309999900
FR46C,20002.10028230000,25005250.57950000100
FR46D,20001.74620280000,25004366.20290000000
FR47A,20001.90680640000,25004767.13960000100
FR47B,20001.55199480000,25003880.04120000100
FR47C,20001.95902040000,25004897.98700000000
FR47D,20001.60448380000,25004011.56309999900
FR48A,20001.83902370000,25004597.67230000000
FR48B,20001.48336130000,25003708.74450000000
FR48C,20001.86690570000,25004667.28379999800
FR48D,20001.51172120000,25003779.44760000000
FR49A,20001.82010120000,25004550.66000000000
FR49B,20001.46398990000,25003660.11219999900
FR49C,20001.82345860000,25004558.75050000100
FR49D,20001.46771870000,25003669.23330000000
FR50A,6569.91985204000,2077184.80054000000
FR50B,18394.07325070000,13036410.50730000100
FR51A,20002.62365210000,25006559.36769999900
FR51B,20002.24849800000,25005621.75539999800
FR51C,18912.78183140000,15147919.02300000000
FR51D,20002.44752530000,25006119.08760000000
FR52A,20002.26240610000,25005656.33700000100
FR52B,20001.88648100000,25004716.73389999900
FR52C,20002.43702310000,25006092.82880000000
FR52D,20002.06148320000,25005153.97179999900
FR53A,20001.94972130000,25004874.34430000200
FR53B,20001.57323060000,25003933.02739999800
FR53C,20002.09991040000,25005250.24419999900
FR53D,20001.72370220000,25004309.63210000100
FR54A,20001.68539410000,25004213.87000000100
FR54B,20001.30824140000,25003270.81230000000
FR54C,20001.81155160000,25004528.88410000100
FR54D,20001.43457880000,25003586.67370000100
FR55A,20001.46992650000,25003674.75490000100
FR55B,20001.09211370000,25002729.86609999800
FR55C,20001.57155420000,25003929.04160000000
FR55D,20001.19402220000,25002985.04270000000
FR56A,20001.30292230000,25003257.61369999900
FR56B,20000.92434940000,25002310.93239999900
FR56C,20001.38031830000,25003450.91110000000
FR56D,20001.00212710000,25002505.47300000100
FR57A,20001.18487620000,25002962.18180000000
FR57B,20000.80565050000,25002014.36679999900
FR57C,20001.23784400000,25003094.70389999800
FR57D,20000.85889360000,25002147.28009999900
FR58A,20001.11569370000,25002789.31019999800
FR58B,20000.73571530000,25001839.42199999800
FR58C,20001.14422600000,25002860.75240000000
FR58D,20000.76462380000,25001911.49590000100
FR59A,20001.09566950000,25002739.15060000100
FR59B,20000.71484580000,25001787.24080000100
FR59C,20001.09967540000,25002749.06419999900
FR59D,20000.71932140000,25001798.13390000200
FR60A,20128.76457970000,16623328.41929999900
FR60B,19578.02277270000,24637477.52890000100
FR60D,19590.01754760000,13447431.19549999900
FR61A,20001.86112960000,25004653.14040000000
FR61B,20001.46185960000,25003654.68430000200
FR61C,20002.06064510000,25005151.97820000000
FR61D,20001.66175820000,25004154.56619999900
FR62A,20001.49865020000,25003746.76570000100
FR62B,20001.09860830000,25002746.39610000000
FR62C,20001.67393240000,25004184.80620000100
FR62D,20001.27427630000,25003185.58670000000
FR63A,20001.18433200000,25002961.12119999900
FR63B,20000.78372370000,25001959.45120000100
FR63C,20001.33548270000,25003338.61829999800
FR63D,20000.93515740000,25002337.84990000000
FR64A,20000.91887690000,25002297.14869999900
FR64B,20000.51751150000,25001293.69540000000
FR64C,20001.04549970000,25002614.11210000100
FR64D,20000.64450720000,25001611.20120000100
FR65A,20000.70179430000,25001754.71290000200
FR65B,20000.29976460000,25000749.21159999800
FR65C,20000.80427820000,25002011.03570000100
FR65D,20000.40252940000,25001006.12819999800
FR66A,20000.53367330000,25001334.19559999900
FR66B,20000.13068310000,25000326.70879999900
FR66C,20000.61162180000,25001529.08140000000
FR66D,20000.20911150000,25000522.98880000000
FR67A,20000.41421600000,25001035.55249999800
FR67B,20000.01037270000,25000025.93349999900
FR67C,20000.46783260000,25001169.60240000100
FR67D,20000.06446830000,25000161.17100000000
FR68A,20000.34352800000,25000858.92350000100
FR68B,19999.93913170000,24999847.73299999900
FR68C,20000.37281630000,25000931.94379999900
FR68D,19999.96859630000,24999921.58509999900
FR69A,20000.32190750000,25000804.76969999800
FR69B,19999.91676020000,24999792.20279999800
FR69C,20000.32675830000,25000816.60610000000
FR69D,19999.92189180000,24999804.62070000200
FR70A,20001.46277120000,25003657.25990000000
FR70B,20001.03996030000,25002600.35920000100
FR70C,19965.34208950000,25002339.20960000200
FR70D,20001.26476370000,25003161.81280000100
FR71A,20001.05048080000,25002626.26900000100
FR71B,20000.62679680000,25001567.21649999900
FR71C,20001.25056630000,25003126.61530000000
FR71D,20000.82736770000,25002068.76550000200
FR72A,20000.68636250000,25001716.03209999900
FR72B,20000.26220750000,25000655.52310000000
FR72C,20000.86241290000,25002156.08399999900
FR72D,20000.43864040000,25001096.31839999900
FR73A,20000.37081300000,25000927.13930000000
FR73B,19999.94589450000,24999864.42740000000
FR73C,20000.52252990000,25001306.33989999800
FR73D,20000.09798920000,25000244.77540000200
FR74A,20000.10383610000,25000259.48350000000
FR74B,19999.67794520000,24999194.97129999800
FR74C,20000.23121210000,25000578.03889999900
FR74D,19999.80580710000,24999514.72370000200
FR75A,19999.88542460000,24999713.35860000200
FR75B,19999.45887610000,24998647.00670000200
FR75C,19999.98836880000,24999971.12359999900
FR75D,19999.56220340000,24998905.52039999900
FR76A,19999.71568410000,24999288.72280000200
FR76B,19999.28817840000,24998220.58309999900
FR76C,19999.79429820000,24999485.94269999900
FR76D,19999.36736720000,24998418.64469999800
FR77A,19999.59462230000,24998986.46060000000
FR77B,19999.16645950000,24997916.29390000200
FR77C,19999.64889530000,24999122.24390000100
FR77D,19999.22110980000,24998053.11230000100
FR78A,19999.52262460000,24998806.47930000000
FR78B,19999.09361410000,24997733.88300000100
FR78C,19999.55246540000,24998881.07429999900
FR78D,19999.12372580000,24997809.66240000000
FR79A,19999.49930590000,24998748.18400000000
FR79B,19999.06964250000,24997674.15659999800
FR79C,19999.50470720000,24998761.78139999900
FR79D,19999.07541910000,24997688.70109999900
FR80A,20000.60513920000,25001512.97270000000
FR80B,20000.15851530000,25000396.09160000100
FR80C,20000.83033470000,25002075.97980000100
FR80D,20000.38389950000,25000959.35449999900
FR81A,20000.19130580000,25000478.26680000100
FR81B,19999.74370610000,24999359.27100000200
FR81C,20000.39226410000,25000980.37170000000
FR81D,19999.94495380000,24999862.58109999800
FR82A,19999.82584870000,24999564.51819999900
FR82B,19999.37737710000,24998443.36499999800
FR82C,20000.00266790000,25000006.36800000100
FR82D,19999.55458290000,24998886.26949999900
FR83A,19999.50866270000,24998771.87000000100
FR83B,19999.05942680000,24997648.51489999900
FR83C,19999.66114280000,24999153.06580000000
FR83D,19999.21238680000,24998031.01300000000
FR84A,19999.23995160000,24998099.91510000100
FR84B,19998.79005170000,24996975.41880000000
FR84C,19999.36829600000,24998420.87209999900
FR84D,19998.91867870000,24997296.66420000000
FR85A,19999.02002110000,24997550.11259999900
FR85B,19998.56935750000,24996423.11980000100
FR85C,19999.12392790000,24997810.06749999900
FR85D,19998.67354220000,24996683.86540000100
FR86A,19998.84856580000,24997121.69720000000
FR86B,19998.39704260000,24995992.66719999900
FR86C,19998.92823130000,24997320.85709999900
FR86D,19998.47709040000,24996192.56720000100
FR87A,19998.72628780000,24996815.61899999900
FR87B,19998.27351100000,24995684.25990000000
FR87C,19998.78141730000,24996953.53420000200
FR87D,19998.32931620000,24995823.25930000100
FR88A,19998.65238740000,24996631.18550000000
FR88B,19998.19895530000,24995497.79470000000
FR88C,19998.68317720000,24996708.05500000000
FR88D,19998.23012160000,24995575.59959999800
FR89A,19998.62766830000,24996569.38840000000
FR89B,19998.17328520000,24995433.52320000200
FR89C,19998.63382020000,24996584.66519999900
FR89D,19998.18011050000,24995450.48119999800
FR90A,19999.69958320000,24999248.66710000100
FR90B,19999.22844820000,24998071.15769999800
FR90C,19999.92515640000,24999813.18950000000
FR90D,19999.45480710000,24998636.83989999800
FR91A,19999.28390300000,24998209.98930000100
FR91B,20509.54731930000,23725754.52609999900
FR91C,19999.48553510000,24998714.04859999900
FR91D,19999.01430590000,24997535.92720000100
FR92A,19998.91670160000,24997292.02360000100
FR92B,23962.88749810000,18103248.56410000100
FR92C,19999.09429060000,24997735.97769999900
FR92D,17268.92068660000,12978826.84050000100
FR93A,19998.59817930000,24996495.47100000100
FR93B,20873.12723910000,21799120.15780000000
FR93C,19998.75143050000,24996878.67370000100
FR93D,20560.49084800000,13501400.14350000000
FR94A,19998.32783810000,24995819.77180000000
FR94B,19997.85351820000,24994633.98710000100
FR94C,19998.45694790000,24996142.41840000100
FR94D,19997.98301270000,24994957.88780000100
FR95A,19998.10618370000,24995265.47980000100
FR95B,19997.63099780000,24994077.84890000100
FR95C,19998.21085010000,24995527.72500000100
FR95D,19997.73604780000,24994340.53970000100
FR96A,19997.93320540000,24994833.18580000100
FR96B,19997.45706490000,24993643.26630000000
FR96C,19998.01343550000,24995034.13710000000
FR96D,19997.53797200000,24993845.20520000200
FR97A,19997.80901980000,24994522.44949999800
FR97B,19997.33202160000,24993330.29149999800
FR97C,19997.86490070000,24994662.53850000000
FR97D,19997.38828020000,24993471.53220000100
FR98A,19997.73341250000,24994333.95050000000
FR98B,19997.25565710000,24993139.31349999800
FR98C,19997.76515520000,24994413.09640000000
FR98D,19997.28767810000,24993219.85500000000
FR99A,19997.70699120000,24994267.70459999900
FR99B,19997.22808820000,24993070.89700000000
FR99C,19997.71419180000,24994285.60779999900
FR99D,19997.23566420000,24993089.93420000000
FS00A,20004.26251360000,25010657.32499999900
FS00B,20004.00381920000,25010011.04430000100
FS00C,20004.23875820000,25010598.42029999900
FS00D,20003.98063460000,25009952.47490000000
FS01A,20004.34655890000,25010867.57260000000
FS01B,20004.08751640000,25010219.83529999900
FS01C,20004.29848480000,25010747.06300000100
FS01D,20004.03951060000,25010099.99830000100
FS02A,20004.47994010000,25011201.20470000100
FS02B,20004.22045630000,25010552.25039999900
FS02C,20004.40704160000,25011018.62339999900
FS02D,20004.14773110000,25010370.70659999900
FS03A,20004.66266090000,25011658.10909999900
FS03B,20004.40283890000,25011008.00699999900
FS03C,20004.56514900000,25011413.96950000200
FS03D,20004.30539050000,25010764.83650000000
FS04A,20004.89492120000,25012239.19860000200
FS04B,20004.63446060000,25011587.59380000100
FS04C,20004.77278490000,25011933.28960000000
FS04D,20004.51239440000,25011282.35489999900
FS05A,20005.17692110000,25012943.98160000100
FS05B,20004.91592500000,25012291.52660000000
FS05C,20005.02986590000,25012576.04980000100
FS05D,20004.76893930000,25011924.06969999900
FS06A,20005.50856270000,25013773.40690000000
FS06B,20005.24703600000,25013119.50519999900
FS06C,20005.33658860000,25013343.15129999800
FS06D,20005.07522520000,25012689.87280000000
FS07A,20005.88994400000,25014727.33190000100
FS07B,20005.62818620000,25014072.24540000000
FS07C,20005.69314900000,25014234.79830000200
FS07D,20005.43135390000,25013580.42850000000
FS08A,20006.32136700000,25015805.91299999900
FS08B,20006.05897580000,25015149.44130000100
FS08C,20006.09935120000,25015251.00130000000
FS08D,20005.83732560000,25014595.14739999900
FS09A,20006.80273360000,25017010.02450000100
FS09B,21019.21075070000,20318020.53220000100
FS09C,20006.55589690000,25016392.42660000200
FS09D,20006.29314420000,25015735.12999999900
FS10A,20003.73331200000,25009333.85669999900
FS10B,20003.45019970000,25008626.44700000100
FS10C,20003.71010200000,25009276.31529999900
FS10D,20003.42746600000,25008569.29549999900
FS11A,20003.81626510000,25009541.68030000100
FS11B,20003.53261230000,25008832.60689999900
FS11C,20003.76853490000,25009422.42680000100
FS11D,20003.48515410000,25008713.83870000000
FS12A,20003.94866570000,25009872.73880000000
FS12B,20003.66456830000,25009162.15619999900
FS12C,20003.87630990000,25009691.71750000100
FS12D,20003.59258550000,25008981.96660000100
FS13A,20004.13040860000,25010327.18580000100
FS13B,20003.84576970000,25009615.65050000000
FS13C,20004.03343070000,25010084.39530000100
FS13D,20003.74906610000,25009373.33989999800
FS14A,20004.36168990000,25010905.51749999800
FS14B,20004.07642040000,25010192.09319999800
FS14C,20004.23979560000,25010600.81430000100
FS14D,20003.95489030000,25009888.19949999800
FS15A,20004.64292470000,25011608.05339999900
FS15B,20004.35681480000,25010893.12510000200
FS15C,20004.49600460000,25011241.06740000100
FS15D,20004.21046190000,25010527.46260000000
FS16A,20004.97320010000,25012434.54230000100
FS16B,20004.68685480000,25011718.41930000100
FS16C,20004.80175590000,25012005.63080000100
FS16D,20004.51558100000,25011290.12489999800
FS17A,20005.35361790000,25013385.73779999800
FS17B,20005.06665000000,25012667.92560000000
FS17C,20005.15715530000,25012894.64680000000
FS17D,20004.87044760000,25012177.90160000000
FS18A,20005.78388380000,25014461.90219999800
FS18B,20005.49638910000,25013742.55710000200
FS18C,20005.56249720000,25013908.27670000100
FS18D,20005.27516380000,25013189.84130000000
FS19A,18254.34047660000,17995062.47780000000
FS19B,20173.61697810000,23509022.84919999900
FS19C,20006.01768340000,25015046.78119999900
FS19D,20005.73002400000,25014327.01020000100
FS20A,20003.15488220000,25007887.73119999800
FS20B,20002.84725750000,25007118.54859999900
FS20C,20003.13231920000,25007831.30940000000
FS20D,20002.82486530000,25007062.66380000100
FS21A,20003.23675060000,25008092.53310000200
FS21B,20002.92847640000,25007322.03440000100
FS21C,20003.18966240000,25007974.88809999800
FS21D,20002.88166370000,25007204.67639999800
FS22A,20003.36816390000,25008420.72260000200
FS22B,20003.05915100000,25007648.46979999900
FS22C,20003.29625240000,25008241.30620000100
FS22D,20002.98771040000,25007469.93019999900
FS23A,20003.54862800000,25008872.55689999800
FS23B,20003.23917590000,25008098.69920000100
FS23C,20003.45228910000,25008631.26960000000
FS23D,20003.14310740000,25007858.29140000000
FS24A,20003.77893890000,25009448.13789999900
FS24B,20003.46885300000,25008672.78260000100
FS24C,20003.65767850000,25009144.92670000000
FS24D,20003.34785840000,25008370.14640000100
FS25A,20004.05839890000,25010147.23400000100
FS25B,20003.74797870000,25009370.73030000200
FS25C,20003.91251110000,25009781.93820000100
FS25D,20003.60215980000,25009006.40850000100
FS26A,20004.38801150000,25010971.33020000200
FS26B,20004.07685500000,25010192.97820000000
FS26C,20004.21690020000,25010543.85819999900
FS26D,20003.90611360000,25009766.33199999900
FS27A,20004.76727140000,25011919.69880000100
FS27B,20004.45528950000,25011139.46630000000
FS27C,20004.57143460000,25011429.79250000000
FS27D,20004.25981430000,25010650.57550000000
FS28A,20005.19628050000,25012992.49630000100
FS28B,20004.88407470000,25012211.27200000000
FS28C,20004.97542000000,25012440.49910000000
FS28D,20004.66347690000,25011659.74590000100
FS29A,26142.71062930000,20844871.42990000200
FS29B,28366.89013810000,14303818.95109999900
FS29C,20005.42955840000,25013575.93670000100
FS29D,20005.11678480000,25012793.80020000000
FS30A,20002.52722390000,25006318.46080000000
FS30B,20002.19498510000,25005487.66010000200
FS30C,20002.50530050000,25006263.65470000000
FS30D,20002.17323610000,25005433.68530000000
FS31A,20002.60800070000,25006520.42880000200
FS31B,20002.27511620000,25005687.92150000100
FS31C,20002.56145980000,25006403.95210000100
FS31D,20002.22894510000,25005572.76960000000
FS32A,20002.73803490000,25006845.45200000000
FS32B,20002.40471000000,25006011.93450000100
FS32C,20002.66695970000,25006667.64739999900
FS32D,20002.33360760000,25005834.45380000000
FS33A,20002.91731900000,25007294.23690000200
FS33B,20002.58325370000,25006458.44940000000
FS33C,20002.82152070000,25007054.49179999900
FS33D,20002.48782350000,25006219.84560000200
FS34A,20003.14645700000,25007866.66310000000
FS34B,20002.81145650000,25007029.43340000100
FS34C,20003.02573170000,25007564.89959999900
FS34D,20002.69139670000,25006728.74450000000
FS35A,20003.42484890000,25008562.85350000100
FS35B,20003.08951500000,25007723.98759999900
FS35C,20003.27929860000,25008199.21469999800
FS35D,20002.94422930000,25007361.31109999900
FS36A,20003.75319680000,25009383.67410000000
FS36B,20003.41693100000,25008542.85720000000
FS36C,20003.58261750000,25008957.64779999900
FS36D,20003.24691740000,25008118.35060000000
FS37A,20004.13099880000,25010328.76720000100
FS37B,20003.79430480000,25009486.36540000100
FS37C,20003.93579050000,25009840.34629999800
FS37D,20003.59946140000,25008999.56120000000
FS38A,20004.55885880000,25011398.34780000200
FS38B,20004.22143640000,25010554.50470000100
FS38C,20004.33862160000,25010847.93220000000
FS38D,20004.00146500000,25010004.95760000100
FS39A,32104.43444230000,9909303.68208000060
FS39B,18245.06478330000,20420971.31289999900
FS39C,20004.79140880000,25011980.15489999900
FS39D,20004.45372460000,25011135.35680000100
FS40A,20001.85053360000,25004626.54980000100
FS40B,20001.49347690000,25003734.03339999900
FS40C,20001.82926080000,25004573.25910000100
FS40D,20001.47247650000,25003681.82490000100
FS41A,20001.93002290000,25004825.09550000000
FS41B,20001.57232440000,25003931.16350000000
FS41C,20001.88422160000,25004710.27580000100
FS41D,20001.52689280000,25003817.37590000000
FS42A,20002.05867470000,25005146.84970000000
FS42B,20001.70052870000,25004251.50429999800
FS42C,20001.98804300000,25004970.65270000000
FS42D,20001.63026960000,25004075.84020000000
FS43A,20002.23678360000,25005592.46779999900
FS43B,20001.87789750000,25004695.06969999900
FS43C,20002.14152150000,25005354.08659999800
FS43D,20001.78300710000,25004457.82020000000
FS44A,20002.46434600000,25006161.34440000000
FS44B,20002.10483090000,25005262.25030000100
FS44C,20002.34445710000,25005861.28440000100
FS44D,20001.98510540000,25004963.11160000000
FS45A,20002.74156940000,25006854.29879999900
FS45B,20002.38132150000,25005953.55810000000
FS45C,20002.59675190000,25006492.29930000000
FS45D,20002.23687020000,25005592.38630000100
FS46A,20003.06835960000,25007671.57999999800
FS46B,20002.70727890000,25006768.95160000000
FS46C,20002.89890780000,25007247.49269999900
FS46D,20002.53819230000,25006345.78150000100
FS47A,20003.44500370000,25008613.25110000000
FS47B,20003.08319380000,25007708.78049999800
FS47C,20003.25052490000,25008126.67080000000
FS47D,20002.88897760000,25007223.06920000200
FS48A,20003.87150930000,25009679.41000000000
FS48B,19498.72122570000,20778458.13980000100
FS48C,20003.65190170000,25009130.68019999900
FS48D,20003.28992780000,25008225.29410000100
FS49A,20112.96825230000,23792085.47419999900
FS49B,6604.74539089000,1586961.59012000010
FS49C,19808.85617130000,24954470.51590000100
FS49D,14152.06407390000,9271441.51917999980
FS50A,20001.12461120000,25002811.50510000100
FS50B,20000.74303470000,25001857.72679999800
FS50C,20001.10388330000,25002759.48440000000
FS50D,20000.72298290000,25001807.28249999900
FS51A,20001.20251510000,25003006.48000000000
FS51B,20000.82059520000,25002051.23000000000
FS51C,20001.15755510000,25002893.76960000000
FS51D,20000.77560480000,25001939.25699999900
FS52A,20001.32998150000,25003324.86050000000
FS52B,20000.94702180000,25002367.90680000200
FS52C,20001.26008750000,25003150.41970000000
FS52D,20000.87750020000,25002193.99680000200
FS53A,20001.50670850000,25003766.81309999900
FS53B,20001.12311100000,25002807.66200000000
FS53C,20001.41218970000,25003530.59330000000
FS53D,20001.02885810000,25002572.21139999900
FS54A,20001.73280570000,25004332.10190000000
FS54B,20001.34867040000,25003371.69530000200
FS54C,20001.61345090000,25004034.08810000100
FS54D,20001.22958430000,25003074.05330000100
FS55A,20002.00856390000,25005021.66180000100
FS55B,20001.62350020000,25004058.91149999900
FS55C,20001.86447480000,25004661.40810000200
FS55D,20001.47967520000,25003699.62649999900
FS56A,20002.33398690000,25005835.01520000000
FS56B,20001.94819300000,25004870.61410000200
FS56C,20002.16496730000,25005413.01120000000
FS56D,20001.77953460000,25004449.13980000100
FS57A,20002.70918060000,25006773.20640000000
FS57B,20002.32255280000,25005806.42660000200
FS57C,20002.51532470000,25006288.70520000200
FS57D,20002.12896640000,25005322.90120000000
FS58A,14521.22153570000,11543360.58269999900
FS58B,5676.63453092000,1852017.81434000000
FS58C,20002.91524910000,25007288.95560000100
FS58D,20735.40460130000,10337207.21199999900
FS60A,20000.34945300000,25000873.54369999800
FS60B,19999.94345860000,24999858.64840000100
FS60C,20000.32957170000,25000823.93789999900
FS60D,19999.92404970000,24999809.92839999900
FS61A,20000.42607010000,25001065.08089999900
FS61B,20000.01923050000,25000048.27809999900
FS61C,20000.38155490000,25000953.89249999800
FS61D,19999.97518670000,24999937.97050000000
FS62A,20000.55195160000,25001379.59980000200
FS62B,20000.14447630000,25000360.88830000200
FS62C,20000.48280230000,25001207.22390000100
FS62D,20000.07569560000,25000189.23739999900
FS63A,20000.72710500000,25001818.09930000100
FS63B,20000.31879240000,25000797.07979999900
FS63C,20000.63321980000,25001583.37440000100
FS63D,20000.22547090000,25000563.58780000000
FS64A,20000.95173070000,25002379.47580000000
FS64B,20000.54257890000,25001356.46559999900
FS64C,20000.83320740000,25002083.06380000000
FS64D,20000.42472400000,25001061.52499999900
FS65A,20001.22602490000,25003065.25609999900
FS65B,20000.81613790000,25002040.39009999900
FS65C,20001.08266730000,25002706.63969999900
FS65D,20000.67314960000,25001682.90219999800
FS66A,20001.54979170000,25003874.42359999900
FS66B,20001.13917520000,25002847.91910000100
FS66C,20001.38159590000,25003454.11100000100
FS66D,20000.97134770000,25002428.33199999900
FS67A,20001.92342730000,25004808.69770000100
FS67B,20001.51178540000,25003779.60819999900
FS67C,20001.73029900000,25004326.02710000100
FS67D,20001.31902050000,25003298.06370000200
FS68C,15578.22722790000,10134350.75809999900
FS68D,17123.63671660000,12080673.86820000000
FS70A,19999.52526260000,24998812.96689999800
FS70B,19999.09474840000,24997736.92230000000
FS70C,19999.50602430000,24998765.27420000000
FS70D,19999.07608440000,24997689.87170000000
FS71A,19999.60028400000,24999000.62170000000
FS71B,19999.16893220000,24997922.37740000000
FS71C,19999.55661710000,24998891.64930000200
FS71D,19999.12572920000,24997814.27259999900
FS72A,19999.72458860000,24999311.37429999900
FS72B,19999.29229220000,24998230.96539999900
FS72C,19999.65637630000,24999140.55189999900
FS72D,19999.22455380000,24998061.01839999900
FS73A,19999.89806750000,24999745.16930000100
FS73B,19999.46533400000,24998663.15100000100
FS73C,19999.80511710000,24999513.09690000100
FS73D,19999.37255470000,24998431.60570000100
FS74A,20000.12112080000,25000302.99900000200
FS74B,19999.68745060000,24999218.53429999900
FS74C,20000.00333410000,25000008.62960000000
FS74D,19999.57013200000,24998925.33960000100
FS75A,20000.39374860000,25000984.27739999800
FS75B,19999.95894760000,24999897.67100000000
FS75C,20000.25142370000,25000628.36499999800
FS75D,19999.81698790000,24999542.37539999900
FS76A,20000.71595500000,25001789.82330000000
FS76B,20000.28032350000,25000700.91739999900
FS76C,20000.54859360000,25001371.60280000000
FS76D,20000.11342430000,25000283.66340000200
FS77A,20001.08794010000,25002719.72619999900
FS77B,19252.64935680000,21427298.46260000000
FS77C,20000.89573840000,25002239.49430000000
FS77D,20000.45964530000,25001149.22450000000
FS78A,6615.03497404000,2128431.09822000000
FS78B,2532.23885222000,363958.34362100001
FS78C,19181.87577580000,23128660.45059999800
FS78D,15678.59937960000,13128708.89470000000
FS80A,19998.65182910000,24996629.87869999900
FS80B,19998.19679510000,24995492.19650000000
FS80C,19998.63363730000,24996584.31360000000
FS80D,19998.17878130000,24995447.65659999800
FS81A,19998.72516790000,24996813.51940000100
FS81B,19998.26929290000,24995673.51560000000
FS81C,19998.68243990000,24996706.10440000100
FS81D,19998.22693420000,24995567.53180000200
FS82A,19998.84788510000,24997119.80130000000
FS82B,21601.73020890000,24091805.53449999900
FS82C,19998.78051510000,24996951.18250000100
FS82D,19998.32407130000,24995810.25550000000
FS83A,19999.01978830000,24997549.43270000100
FS83B,17996.98400930000,6128691.11629000030
FS83C,19998.92767800000,24997319.26689999900
FS83D,20670.92501480000,17305270.44200000200
FS84A,19999.24127030000,24998102.81349999800
FS84B,19998.78248540000,24996956.60420000200
FS84C,19999.12421970000,24997810.79520000100
FS84D,19194.18936640000,22268809.40060000100
FS85A,19999.51204050000,24998779.90870000000
FS85B,19999.05261610000,24997631.40199999900
FS85C,19999.37034390000,24998426.08439999800
FS85D,19998.91129180000,24997278.39970000100
FS86A,19999.83248810000,24999581.22390000100
FS86B,19999.37193960000,24998430.06989999900
FS86C,19999.66605470000,24999164.73990000000
FS86D,19999.20606980000,24998015.41380000100
FS87A,12902.55082030000,6483076.11799000020
FS87B,1199.35265531000,77946.83572130000
FS87C,20000.01134480000,25000028.05810000000
FS87D,21468.36724640000,19185855.10990000100
FS90A,19997.72955590000,24994324.21559999900
FS90B,19997.25000590000,24993125.18189999800
FS90C,19997.71231250000,24994280.61210000100
FS90D,19997.23283480000,24993082.76929999900
FS91A,19997.80111080000,24994503.07350000000
FS91B,19997.32061050000,24993301.97670000000
FS91C,19997.75901960000,24994398.26630000000
FS91D,19997.27909590000,24993198.20809999900
FS92A,23420.55718200000,11257887.64580000000
FS92B,19094.22074050000,12754020.23540000100
FS92C,19997.85541480000,24994638.82640000100
FS92D,19997.37434960000,24993436.50860000000
FS93C,1537.28222777000,72526.17756630000
FS94A,17305.26279440000,12052394.51610000100
FS94C,6698.14372396000,2774929.75946999990
FS95A,19648.21168700000,20534585.67020000100
FS95C,17052.51665840000,16564063.28840000000
FS96A,19998.89928160000,24997248.17969999800
FS96B,21206.30695830000,14557582.04370000000
FS96C,20021.54532310000,24651293.54060000200
FS96D,17073.74339620000,7348198.33028000030
FS97C,21661.15769330000,16637569.60720000000
FS97D,12929.97932880000,5542457.21698999960
FT00C,17622.67375910000,18305024.20520000200
FT00D,12646.10293820000,8275117.61773000010
FT10D,16505.34444510000,9625843.12892000000
FT20A,14447.17250450000,8049330.23085999950
FT20B,8089.58103276000,2036104.47332000010
FT20C,19980.86692270000,25013766.91460000000
FT20D,16680.44143210000,11924809.80820000000
FT30C,21645.39878310000,1337975.45213000010
FT30D,18378.57157870000,3338340.51669000000
FT40A,4471.08190196000,909042.57507100003
FT40C,19373.80292770000,22192794.69669999900
FT40D,7391.45015003000,1816486.20417000000
GQ09A,19999.21082100000,24998027.29129999900
GQ09B,19478.70005890000,10037766.72140000000
GQ09C,15729.63670730000,11201266.82200000100
GQ09D,8729.13129939000,2656329.45240999990
GR00A,19998.74540500000,24996863.90540000100
GR00B,22930.59111080000,12214892.54600000000
GR00C,19998.97214990000,24997430.34609999900
GR00D,19779.65455570000,19882168.72329999900
GR01A,14223.31630980000,8848619.74138000050
GR01C,20812.85789940000,20864664.77459999900
GR01D,9591.27459404000,4894776.21138999980
GR02A,332.52235366000,4317.76350489000
GR03A,10073.18685510000,3271108.65464999990
GR04A,20346.65264940000,23399462.38380000000
GR04B,3309.41164134000,334657.02696699998
GR04C,20789.79922680000,14103725.67589999900
GR05A,19997.14360720000,24992859.62950000200
GR05B,18856.21944220000,21374145.50290000100
GR05C,19806.18370110000,24888004.68440000000
GR05D,12529.47957650000,6894899.93549999970
GR06A,19996.96891210000,24992422.55640000100
GR06B,19996.46845260000,24991172.00710000100
GR06C,19997.05019820000,24992626.13919999800
GR06D,19996.55031400000,24991376.13050000000
GR07A,19996.84280730000,24992107.74480000100
GR07B,19996.34158780000,24990854.80590000000
GR07C,19996.89974910000,24992250.07160000100
GR07D,19996.39880930000,24990998.22989999900
GR08A,19996.76579460000,24991915.04380000000
GR08B,19996.26342130000,24990659.32590000000
GR08C,19996.79809030000,24991995.76469999900
GR08D,19996.29629360000,24990741.59140000100
GR09A,19996.73737250000,24991843.90030000000
GR09B,19996.23424790000,24990586.30799999800
GR09C,19996.74532390000,24991864.16970000000
GR09D,19996.24267640000,24990607.46790000100
GR10A,424.80729150800,5968.00836780000
GR15A,9962.89079625000,4268584.00664000030
GR16A,17993.98749820000,19975889.80770000100
GR16C,18554.98123730000,15058161.29690000000
GR17A,17188.01219540000,17961365.01469999900
GR17C,17591.12495200000,18968939.30380000200
GR18A,16381.03492160000,15944335.64920000000
GR18C,16784.64891360000,16953164.83340000000
GR19A,15573.05228200000,13924777.26300000000
GR19C,15977.16951260000,14934873.61130000100
GS00A,19996.75804320000,24991895.76309999800
GS00B,19996.25387160000,24990635.45420000000
GS00C,19996.74164630000,24991854.78099999900
GS00D,19996.23804880000,24990595.70459999900
GS01A,19996.82770880000,24992070.09710000100
GS01B,19996.32268890000,24990807.36740000200
GS01C,19996.78666530000,24991967.50660000000
GS01D,19996.28221830000,24990706.51130000100
GS02A,17659.95167640000,11053528.32100000000
GS02B,15160.00084280000,9903102.83723000060
GS02C,19996.88117370000,24992203.24230000000
GS02D,19996.37568710000,24990939.83500000100
GS10A,14764.06016270000,11902665.31820000000
GS10C,15168.68263360000,12914041.84170000100
GS11A,13954.05455270000,9877974.93569000070
GS11C,14359.18447140000,10890644.29150000000
GS12A,6841.06406432000,2723905.48594000000
GS12C,13548.67060890000,8864655.73492999930
KA85B,775.73131642900,23675.51016220000
KA86B,17994.07100740000,19976099.78790000100
KA86D,18155.97798160000,14145885.22700000000
KA87B,17188.09740970000,17961578.52220000000
KA87D,17591.20924450000,18969150.30050000200
KA88B,16381.12119340000,15944551.36580000100
KA88D,16784.73489040000,16953379.60819999900
KA89B,15573.13904020000,13924994.02070000000
KA89D,15977.25611410000,14935090.84620000000
KA95A,10311.33185650000,2523815.87699999990
KA95B,10847.60942530000,3150099.65282000000
KA96A,19996.46891740000,24991172.99780000000
KA96B,22248.52406740000,19828052.39900000000
KA96C,23265.83784000000,20817795.84430000200
KA96D,21268.71198880000,14293251.21700000000
KA97A,19996.34179460000,24990855.42880000200
KA97B,19996.84354640000,24992109.69449999900
KA97C,19996.39922410000,24990999.16350000000
KA97D,19996.90023040000,24992251.58190000100
KA98A,19996.26383350000,24990660.17550000200
KA98B,19996.76627600000,24991916.43699999900
KA98C,19996.29673510000,24990742.79459999900
KA98D,19996.79883250000,24991997.40370000200
KA99A,19996.23454170000,24990587.04080000100
KA99B,19996.73795310000,24991845.66620000100
KA99C,19996.24311490000,24990608.35740000000
KA99D,19996.74598280000,24991865.61250000100
KB80B,14764.14652740000,11902881.58030000000
KB80D,15168.76918940000,12914258.64210000100
KB81B,13954.14023410000,9878189.93407999910
KB81D,14359.27058140000,10890859.52349999900
KB82B,6704.14116062000,2905342.64348000010
KB82D,13548.75546780000,8864868.34673999990
KB90A,19996.25401300000,24990636.50809999900
KB90B,19996.75860290000,24991897.17000000200
KB90C,19996.23815150000,24990596.05119999900
KB90D,20175.46162440000,24964673.44630000000
KB91A,19996.32305860000,24990808.39160000200
KB91B,18782.06732390000,19788265.13450000100
KB91C,19996.28244420000,24990706.89940000000
KB91D,20334.18113740000,24910901.57979999900
KB92A,5511.34037955000,1349159.49405000010
KB92C,22276.89226250000,17066041.36569999900
KB92D,10307.95204850000,5976405.26773000040
LA06A,3597.67841861000,604582.20397499995
LA07A,19997.33304730000,24993332.76340000000
LA07B,21288.73382120000,18794249.65839999900
LA07C,20362.09056220000,19852835.67069999900
LA07D,11068.06107800000,5343984.56493000030
LA08A,19997.25676060000,24993142.07240000000
LA08B,19997.73479460000,24994337.39440000100
LA08C,19997.28857300000,24993222.18499999900
LA08D,19997.76626200000,24994416.26630000000
LA09A,21087.65607770000,19507485.55920000000
LA09B,16946.28442820000,13775066.07279999900
LA09C,19997.23679930000,24993092.48800000200
LA09D,19997.71528370000,24994288.53539999900
LA17A,19769.36315740000,14210566.38950000000
LA17B,5166.52813108000,705586.04934100003
LA18A,16026.07724980000,14239619.03020000100
LA18C,19963.86644650000,14008866.39230000000
LA18D,441.67431750100,3850.15299431000
LA19A,7497.52217952000,2630326.34664000010
LA19C,17332.97852130000,13002579.53240000100
LB00A,19165.48975500000,17598889.74150000100
LB00B,5447.71294463000,724666.43253999995
LB00C,15152.51321070000,3257234.50010999990
LB01A,2503.27583732000,239487.59538700001
LB01C,22625.30905810000,13021822.83020000000
LB01D,7038.33615918000,3293860.71954000000
