<eml:eml xmlns:eml="eml://ecoinformatics.org/eml-2.1.1"
         xmlns:dc="http://purl.org/dc/terms/"
         xmlns:xsi="http://www.w3.org/2001/XMLSchema-instance"
         xsi:schemaLocation="eml://ecoinformatics.org/eml-2.1.1 http://rs.gbif.org/schema/eml-gbif-profile/1.1/eml.xsd"
         packageId="6679952f-649b-4888-bd97-00daca4b8cc1/v3.5" system="http://gbif.org" scope="system"
         xml:lang="eng">

<dataset>
  <alternateIdentifier>6679952f-649b-4888-bd97-00daca4b8cc1</alternateIdentifier>
  <alternateIdentifier>http://ipt.biodiversity.be/resource?r=modirisk-monitoring-2</alternateIdentifier>
  <title xml:lang="eng">MODIRISK: Monitoring of Mosquito Vectors of Disease (inventory)</title>
      <creator>
    <individualName>
        <givenName>Veerle</givenName>
      <surName>Versteirt</surName>
    </individualName>
    <organizationName>Avia-GIS</organizationName>
    <positionName>Researcher</positionName>
    <address>
        <deliveryPoint>Rischotlei 33</deliveryPoint>
        <city>Zoersel</city>
        <administrativeArea>Antwerp</administrativeArea>
        <postalCode>2980</postalCode>
    </address>
    <electronicMailAddress>vversteirt@avia-gis.com</electronicMailAddress>
    <onlineUrl>http://www.avia-gis.be</onlineUrl>
      </creator>
      <creator>
    <individualName>
        <givenName>Wouter</givenName>
      <surName>Dekoninck</surName>
    </individualName>
    <organizationName>RBINS</organizationName>
    <positionName>Researcher</positionName>
    <address>
        <city>Brussels</city>
    </address>
      </creator>
      <creator>
    <individualName>
        <givenName>Wim</givenName>
      <surName>Van Bortel</surName>
    </individualName>
    <organizationName>ITG</organizationName>
    <positionName>Researcher</positionName>
    <address>
        <city>Antwerp</city>
        <country>BE</country>
    </address>
      </creator>
      <metadataProvider>
    <individualName>
        <givenName>Veerle</givenName>
      <surName>Versteirt</surName>
    </individualName>
    <organizationName>Avia-GIS</organizationName>
    <positionName>Researcher</positionName>
    <address>
        <deliveryPoint>Rischotlei 33</deliveryPoint>
        <city>Zoersel</city>
        <administrativeArea>Antwerp</administrativeArea>
        <postalCode>2980</postalCode>
    </address>
    <electronicMailAddress>vversteirt@avia-gis.com</electronicMailAddress>
    <onlineUrl>http://www.avia-gis.be</onlineUrl>
      </metadataProvider>
      <associatedParty>
    <individualName>
        <givenName>Dimitri</givenName>
      <surName>Brosens</surName>
    </individualName>
    <organizationName>Belgian Biodiversity Platform</organizationName>
    <address>
        <deliveryPoint>Kliniekstraat 25</deliveryPoint>
        <city>Brussels</city>
        <administrativeArea>België</administrativeArea>
        <postalCode>9050</postalCode>
        <country>BE</country>
    </address>
    <phone>32497354796</phone>
    <electronicMailAddress>dimitri.brosens@inbo.be</electronicMailAddress>
    <role>processor</role>
      </associatedParty>
      <associatedParty>
    <individualName>
        <givenName>Wouter</givenName>
      <surName>Dekoninck</surName>
    </individualName>
    <organizationName>RBINS</organizationName>
    <address>
        <deliveryPoint>Vautierstraat 29</deliveryPoint>
        <city>Brussels</city>
        <administrativeArea>Brussels Capital Region</administrativeArea>
        <postalCode>1000</postalCode>
        <country>BE</country>
    </address>
    <electronicMailAddress>wouter.dekoninck@naturalsciences.be</electronicMailAddress>
    <role>author</role>
      </associatedParty>
      <associatedParty>
    <individualName>
        <givenName>Wim</givenName>
      <surName>Van Bortel</surName>
    </individualName>
    <organizationName>ITG</organizationName>
    <positionName>Researcher</positionName>
    <address>
        <city>Stockholm</city>
        <country>BE</country>
    </address>
    <role>author</role>
      </associatedParty>
      <associatedParty>
    <individualName>
        <givenName>Thierry</givenName>
      <surName>Hance</surName>
    </individualName>
    <organizationName>UCL</organizationName>
    <positionName>Researcher</positionName>
    <address>
        <country>BE</country>
    </address>
    <role>author</role>
      </associatedParty>
  <pubDate>
      2017-06-08
  </pubDate>
  <language>eng</language>
  <abstract>
    <para>MODIRISK aims at studying biodiversity of mosquitoes and monitoring/predicting its changes, and hence actively prepares to address issues on the impact of biodiversity change with particular reference to invasive species and the risk to introduce new pathogens. This is essential in the perspective of the ongoing global changes creating suitable conditions for the spread of invasive species and the (re)emergence of vector-borne diseases in Europe. The main strengths of the project in the context of sustainable development are the link between biodiversity and health-environment, and its contribution to the development of tools to better describe the spatial distribution of mosquito biodiversity. MODIRISK addresses key topics of the global initiative Diversitas, which was one of the main drivers of the &apos;Research programme Science for a Sustainable Development&apos; (SSD). 

This dataset contains the monitoring data.</para>
    <para>The project was coordinated by the Institute of Tropical Medicine (http://www.itg.be/E) in Antwerp.</para>
  </abstract>
      <keywordSet>
            <keyword>Occurrence</keyword>
        <keywordThesaurus>GBIF Dataset Type Vocabulary: http://rs.gbif.org/vocabulary/gbif/dataset_type.xml</keywordThesaurus>
      </keywordSet>
      <keywordSet>
            <keyword>Observation</keyword>
        <keywordThesaurus>GBIF Dataset Subtype Vocabulary: http://rs.gbif.org/vocabulary/gbif/dataset_subtype.xml</keywordThesaurus>
      </keywordSet>
      <keywordSet>
            <keyword>mosquito</keyword>
            <keyword>Cullicidae</keyword>
            <keyword>vector</keyword>
            <keyword>desease</keyword>
            <keyword>monitoring</keyword>
            <keyword>surveillance</keyword>
        <keywordThesaurus>n/a</keywordThesaurus>
      </keywordSet>
  <additionalInfo>
    <para>This dataset is linked with 2 other mosquito related datasets. One datset used for longitudinal study and the historical dataset from RBINS.

The database server uses Windows Server 2003 SBS R2 as operating system, and is running IIS with PHP for site development, MS SQL Server for database development and SQL Server Mobile Tools to allow remote access from a PDA. Three types of MODIRISK forms were prepared by the MODIRISK coordinator and adapted during a group session at Project SD/BD/04 - Mosquito vectors of disease: spatial biodiversity, drivers of change, and risk “MODIRISK”
SSD-Science for a Sustainable Development - Biodiversity 19 ITM: (1) Field form, (2) Morphological identification form, (3) Mosquito storage form. Based on these, relevant tables (Figure 5) were developed by Avia-GIS, implemented in the database, and transferred to the web server.</para>
  </additionalInfo>
  <intellectualRights>
    <para>This work is licensed under a <ulink url="http://creativecommons.org/licenses/by/4.0/legalcode"><citetitle>Creative Commons Attribution (CC-BY) 4.0 License</citetitle></ulink>.</para>
  </intellectualRights>
  <coverage>
      <geographicCoverage>
          <geographicDescription>Belgium</geographicDescription>
        <boundingCoordinates>
          <westBoundingCoordinate>2.39</westBoundingCoordinate>
          <eastBoundingCoordinate>6.57</eastBoundingCoordinate>
          <northBoundingCoordinate>51.54</northBoundingCoordinate>
          <southBoundingCoordinate>49.4</southBoundingCoordinate>
        </boundingCoordinates>
      </geographicCoverage>
          <temporalCoverage>
              <rangeOfDates>
                  <beginDate>
                    <calendarDate>2007</calendarDate>
                  </beginDate>
                <endDate>
                  <calendarDate>2011</calendarDate>
                </endDate>
              </rangeOfDates>
          </temporalCoverage>
          <taxonomicCoverage>
              <generalTaxonomicCoverage>Diptera; Cullicidae;
Reinert, 2000
! Taxonomical problem... Aedes (splitt.. biodiversity &amp; health)</generalTaxonomicCoverage>
              <taxonomicClassification>
                  <taxonRankName>kingdom</taxonRankName>
                <taxonRankValue>Animalia</taxonRankValue>
              </taxonomicClassification>
              <taxonomicClassification>
                  <taxonRankName>order</taxonRankName>
                <taxonRankValue>Diptera</taxonRankValue>
              </taxonomicClassification>
              <taxonomicClassification>
                  <taxonRankName>family</taxonRankName>
                <taxonRankValue>Cullicidae</taxonRankValue>
              </taxonomicClassification>
              <taxonomicClassification>
                  <taxonRankName>subfamily</taxonRankName>
                <taxonRankValue>Anophelinae</taxonRankValue>
              </taxonomicClassification>
              <taxonomicClassification>
                  <taxonRankName>subfamily</taxonRankName>
                <taxonRankValue>Cullicinae</taxonRankValue>
              </taxonomicClassification>
          </taxonomicCoverage>
  </coverage>
  <purpose>
    <para>Abstract</para>
  </purpose>
  <maintenance>
    <description>
      <para></para>
    </description>
    <maintenanceUpdateFrequency>unkown</maintenanceUpdateFrequency>
  </maintenance>

      <contact>
    <individualName>
        <givenName>Veerle</givenName>
      <surName>Versteirt</surName>
    </individualName>
    <organizationName>Avia-GIS</organizationName>
    <positionName>Researcher</positionName>
    <address>
        <deliveryPoint>Rischotlei 33</deliveryPoint>
        <city>Zoersel</city>
        <administrativeArea>Antwerp</administrativeArea>
        <postalCode>2980</postalCode>
    </address>
    <electronicMailAddress>vversteirt@avia-gis.com</electronicMailAddress>
    <onlineUrl>http://www.avia-gis.be</onlineUrl>
      </contact>
  <methods>
        <methodStep>
          <description>
            <para>Sample protocol: 
Sample, identification</para>
          </description>
        </methodStep>
      <sampling>
        <studyExtent>
          <description>
            <para>Corine land cover: arban, nature and agriculture were sampled from 2007 to 2011.
The cross-sectional field survey was conducted in 2007 and 2008 by use of a network of CO2-baited Mosquito Magnet Liberty Plus traps throughout Belgium in three key habitats. These habitats (urban, agriculture and nature) were selected based on the Corine database. Twenty seven traps operated simultaneously (nine per team, three teams leaded by three partner institutes). Each trap operated seven days on one study site after which it was placed on the next study site. During the inventory 936 randomly selected sites were selected of which 97% were sampled. Additionally sites in import risk areas were sampled to evaluate the presence of exotic mosquito species in Belgium.
At the Royal Belgian Institute of Natural Sciences (RBINS) about 1400 mosquito-specimens from the Belgian collection of the Entomology Department were screened and if needed, added to the collection. These data, &quot;collection data&quot; are available through http://ipt.biodiversity.be/resource.do?r=modirisk-collection-data</para>
          </description>
        </studyExtent>
        <samplingDescription>
          <para>All samples were taken with the Mosquito magnet liberty PLUS. A CO2 baited trap.

During the field work, twenty seven traps operated simultaneously (9 by team). Each trap operated seven days on one study site after which it was placed on the next study site. During the first phase of the project (inventory), field work was done on Monday, Tuesday, and Wednesday: each day three traps were emptied and replaced. The remaining days were used for the organisation of the field work and the morphological identification of the collected mosquitoes. During the second phase of the project (validation), each field team was free to organise the field work as suited</para>
        </samplingDescription>
      </sampling>
      <qualityControl>
        <description>
          <para>The identifications where made by 3 independent specialists. Yearly a quality control of the samples were done by a independent specialist. (double check). Also a DNA barcoding was performed to double check on the specimens.</para>
        </description>
      </qualityControl>
  </methods>
  <project >
    <title>MODIRISK</title>
      <personnel>
        <individualName>
            <givenName>Veerle</givenName>
          <surName>Versteirt</surName>
        </individualName>
        <role>principalInvestigator</role>
      </personnel>
      <personnel>
        <individualName>
            <givenName>Wouter</givenName>
          <surName>Dekoninck</surName>
        </individualName>
        <role>author</role>
      </personnel>
      <personnel>
        <individualName>
            <givenName>Wim</givenName>
          <surName>Van Bortel</surName>
        </individualName>
        <role>author</role>
      </personnel>
      <personnel>
        <individualName>
            <givenName>Eva</givenName>
          <surName>De Clercq</surName>
        </individualName>
        <role>author</role>
      </personnel>
      <personnel>
        <individualName>
            <givenName>David</givenName>
          <surName>Damiens</surName>
        </individualName>
        <role></role>
      </personnel>
      <personnel>
        <individualName>
            <givenName>Audrey</givenName>
          <surName>Ayrinhac</surName>
        </individualName>
        <role></role>
      </personnel>
      <personnel>
        <individualName>
            <givenName>Frans</givenName>
          <surName>Jacobs</surName>
        </individualName>
        <role></role>
      </personnel>
      <abstract>
        <para>Knowledge of the taxonomic and functional biodiversity of both endemic and invading vector mosquito species as well as the factors driving change, is missing in Belgium. Acquiring this knowledge is an essential step towards understanding current risk and preparing for future treads. Therefore the objectives of the project MODIRISK (Mosquito vectors of disease: spatial biodiversity, drivers of change, and risk) were (1) to inventory endemic and invading mosquito species in Belgium considering environmental and taxonomic elements of biodiversity, (2) to assess the population dynamics of endemic and invasive mosquito species and their interrelationship (3) to model mosquito biodiversity distribution at a one km resolution in the Benelux, and (4) to disseminate project outputs to the scientific community, end users and the general public. During the first phase (years 2007-2008), the project focused on the inventory activities; setting–up laboratory experiments for studying life history traits of Culex pipiens in relation to temperature and the first selection of models based on the field results. Whilst during the second phase of the project (years 2009-2010) the focus was on the spatial model building and validation, on the longitudinal study and dynamics of selected indigenous and exotic species that were found during the inventory of the first phase and on more population genetic driven research.</para>
      </abstract>
      <funding>
        <para>BELSPO</para>
      </funding>
      <studyAreaDescription>
        <descriptor name="generic"
                    citableClassificationSystem="false">
          <descriptorValue>The area studies covers the entire Belgian Area.</descriptorValue>
        </descriptor>
      </studyAreaDescription>
  </project>
</dataset>
  <additionalMetadata>
    <metadata>
      <gbif>
          <dateStamp>2013-11-28T10:39:36.572+01:00</dateStamp>
          <hierarchyLevel>dataset</hierarchyLevel>
            <citation identifier="http://ipt.biodiversity.be/manage/metadata-citations.do?r=modirisk">Versteirt V, Dekoninck W, Van Bortel W (2013): MODIRISK: Monitoring of Mosquito Vectors of Disease (inventory). v3.5. Belgium Biodiversity Platform. Dataset/Occurrence. http://ipt.biodiversity.be/manage/metadata-citations.do?r=modirisk</citation>
          <bibliography>
                <citation identifier="http://dx.doi.org/10.1603/ME12134">Changes in Species Richness and Spatial Distribution of Mosquitoes (Diptera: Culicidae) Inferred From Museum Specimen Records and a Recent Inventory: A Case Study From Belgium Suggests Recent Expanded Distribution of Arbovirus and Malaria Vectors
W. Dekoninck
Journal of Medical Entomology(2013),50(2):237</citation>
                <citation identifier="doi:10.1017/S0007485312000521">V. Versteirt, S. Boyer, D. Damiens, E.M. De Clercq, W. Dekoninck, E. Ducheyne, P. Grootaert, C. Garros, T. Hance,
G. Hendrickx, M. Coosemans and W. Van Bortel Nationwide inventory of mosquito biodiversity (Diptera: Culicidae) in
Belgium, Europe. Bulletin of Entomological Research, Available on CJO 2012</citation>
                <citation>Versteirt V., De Clercq E., Dekoninck W., Damiens D., Ayrinhac A., Jacobs F. &amp; Van Bortel W. &quot;Mosquito vectors of disease: spatial biodiversity, drivers of change, and risk&quot;. Final Report. Brussels : Belgian Science Policy 2009 –152 p. (Research Programme Science for a Sustainable Development)</citation>
          </bibliography>
          <resourceLogoUrl>http://ipt.biodiversity.be/logo.do?r=modirisk-monitoring-2</resourceLogoUrl>
          <dc:replaces>6679952f-649b-4888-bd97-00daca4b8cc1/v3.5.xml</dc:replaces>
      </gbif>
    </metadata>
  </additionalMetadata>
</eml:eml>
