<archive xmlns="http://rs.tdwg.org/dwc/text/" metadata="eml.xml">
  <core encoding="UTF-8" fieldsTerminatedBy="\t" linesTerminatedBy="\n" fieldsEnclosedBy="" ignoreHeaderLines="1" rowType="http://rs.tdwg.org/dwc/terms/Occurrence">
    <files>
      <location>occurrence.txt</location>
    </files>
    <id index="0" />
    <field index="1" term="http://purl.org/dc/terms/type"/>
    <field index="2" term="http://purl.org/dc/terms/license"/>
    <field index="3" term="http://rs.tdwg.org/dwc/terms/institutionCode"/>
    <field index="4" term="http://rs.tdwg.org/dwc/terms/basisOfRecord"/>
    <field index="5" term="http://rs.tdwg.org/dwc/terms/dynamicProperties"/>
    <field index="6" term="http://rs.tdwg.org/dwc/terms/occurrenceID"/>
    <field index="7" term="http://rs.tdwg.org/dwc/terms/individualCount"/>
    <field index="8" term="http://rs.tdwg.org/dwc/terms/sex"/>
    <field index="9" term="http://rs.tdwg.org/dwc/terms/samplingProtocol"/>
    <field index="10" term="http://rs.tdwg.org/dwc/terms/eventDate"/>
    <field index="11" term="http://rs.tdwg.org/dwc/terms/year"/>
    <field index="12" term="http://rs.tdwg.org/dwc/terms/verbatimEventDate"/>
    <field index="13" term="http://rs.tdwg.org/dwc/terms/habitat"/>
    <field index="14" term="http://rs.tdwg.org/dwc/terms/continent"/>
    <field index="15" term="http://rs.tdwg.org/dwc/terms/country"/>
    <field index="16" term="http://rs.tdwg.org/dwc/terms/countryCode"/>
    <field index="17" term="http://rs.tdwg.org/dwc/terms/stateProvince"/>
    <field index="18" term="http://rs.tdwg.org/dwc/terms/municipality"/>
    <field index="19" term="http://rs.tdwg.org/dwc/terms/locality"/>
    <field index="20" term="http://rs.tdwg.org/dwc/terms/locationRemarks"/>
    <field index="21" term="http://rs.tdwg.org/dwc/terms/decimalLatitude"/>
    <field index="22" term="http://rs.tdwg.org/dwc/terms/decimalLongitude"/>
    <field index="23" term="http://rs.tdwg.org/dwc/terms/geodeticDatum"/>
    <field index="24" term="http://rs.tdwg.org/dwc/terms/identifiedBy"/>
    <field index="25" term="http://rs.tdwg.org/dwc/terms/scientificName"/>
    <field index="26" term="http://rs.tdwg.org/dwc/terms/genus"/>
    <field index="27" term="http://rs.tdwg.org/dwc/terms/specificEpithet"/>
  </core>
</archive>
