<archive xmlns="http://rs.tdwg.org/dwc/text/" metadata="eml.xml">
  <core encoding="UTF-8" fieldsTerminatedBy="\t" linesTerminatedBy="\n" fieldsEnclosedBy="" ignoreHeaderLines="1" rowType="http://rs.tdwg.org/dwc/terms/Event">
    <files>
      <location>event.txt</location>
    </files>
    <id index="0" />
    <field index="1" term="http://purl.org/dc/terms/type"/>
    <field index="2" term="http://purl.org/dc/terms/language"/>
    <field index="3" term="http://purl.org/dc/terms/license"/>
    <field index="4" term="http://purl.org/dc/terms/rightsHolder"/>
    <field index="5" term="http://rs.tdwg.org/dwc/terms/institutionCode"/>
    <field index="6" term="http://rs.tdwg.org/dwc/terms/datasetName"/>
    <field index="7" term="http://rs.tdwg.org/dwc/terms/eventID"/>
    <field index="8" term="http://rs.tdwg.org/dwc/terms/samplingProtocol"/>
    <field index="9" term="http://rs.tdwg.org/dwc/terms/eventDate"/>
    <field index="10" term="http://rs.tdwg.org/dwc/terms/verbatimEventDate"/>
    <field index="11" term="http://rs.tdwg.org/dwc/terms/habitat"/>
    <field index="12" term="http://rs.tdwg.org/dwc/terms/locationID"/>
    <field index="13" term="http://rs.tdwg.org/dwc/terms/continent"/>
    <field index="14" term="http://rs.tdwg.org/dwc/terms/countryCode"/>
    <field index="15" term="http://rs.tdwg.org/dwc/terms/municipality"/>
    <field index="16" term="http://rs.tdwg.org/dwc/terms/locality"/>
    <field index="17" term="http://rs.tdwg.org/dwc/terms/decimalLatitude"/>
    <field index="18" term="http://rs.tdwg.org/dwc/terms/decimalLongitude"/>
    <field index="19" term="http://rs.tdwg.org/dwc/terms/geodeticDatum"/>
  </core>
  <extension encoding="UTF-8" fieldsTerminatedBy="\t" linesTerminatedBy="\n" fieldsEnclosedBy="" ignoreHeaderLines="1" rowType="http://rs.tdwg.org/dwc/terms/Occurrence">
    <files>
      <location>occurrence.txt</location>
    </files>
    <coreid index="0" />
    <field index="1" term="http://purl.org/dc/terms/type"/>
    <field index="2" term="http://rs.tdwg.org/dwc/terms/basisOfRecord"/>
    <field index="3" term="http://rs.tdwg.org/dwc/terms/occurrenceID"/>
    <field index="4" term="http://rs.tdwg.org/dwc/terms/occurrenceRemarks"/>
    <field index="5" term="http://rs.tdwg.org/dwc/terms/individualCount"/>
    <field index="6" term="http://rs.tdwg.org/dwc/terms/sex"/>
    <field index="7" term="http://rs.tdwg.org/dwc/terms/lifeStage"/>
    <field index="8" term="http://rs.tdwg.org/dwc/terms/eventID"/>
    <field index="9" term="http://rs.tdwg.org/dwc/terms/samplingProtocol"/>
    <field index="10" term="http://rs.tdwg.org/dwc/terms/locationID"/>
    <field index="11" term="http://rs.tdwg.org/dwc/terms/decimalLatitude"/>
    <field index="12" term="http://rs.tdwg.org/dwc/terms/decimalLongitude"/>
    <field index="13" term="http://rs.tdwg.org/dwc/terms/identifiedBy"/>
    <field index="14" term="http://rs.tdwg.org/dwc/terms/dateIdentified"/>
    <field index="15" term="http://rs.tdwg.org/dwc/terms/identificationRemarks"/>
    <field index="16" term="http://rs.tdwg.org/dwc/terms/scientificName"/>
    <field index="17" term="http://rs.tdwg.org/dwc/terms/genus"/>
    <field index="18" term="http://rs.tdwg.org/dwc/terms/specificEpithet"/>
  </extension>
</archive>
